techniqueset,2d
techniqueset,cinematic
image,menu_background
material,mw2_main_background
material,mw2_main_cloud_overlay
material,mockup_bg_glow
image,gradient_fadein_fadebottom
material,gradient_fadein_fadebottom
menu,main
image,menu_co_image
material,mw2_main_co_image
image,menu_sp_image
material,mw2_main_sp_image
image,menu_mp_image
material,mw2_main_mp_image
image,logo_cod2
material,logo_cod2
image,mw2_game_so_blur
material,levelshot_mw2_game_so_blur
image,mw2_game_sp_blur
material,levelshot_mw2_game_sp_blur
image,mw2_game_mp_blur
material,levelshot_mw2_game_mp_blur
material,white
material,drop_shadow_tl
material,drop_shadow_t
material,drop_shadow_tr
material,drop_shadow_r
material,drop_shadow_br
material,drop_shadow_b
material,drop_shadow_bl
material,drop_shadow_l
material,line_horizontal
image,mw2_game_so
material,levelshot_mw2_game_so
image,mw2_game_sp
material,levelshot_mw2_game_sp
image,mw2_game_mp
material,levelshot_mw2_game_mp
menu,main_selection
material,menu_button_selection_bar
material,gradient_fadein
menu,main_text
menu,main_specops
material,xpbar_stencilbase
material,mw2_popup_bg_fogstencil
material,mw2_popup_bg_fogscroll
material,mockup_popup_bg_stencilfill
material,small_box_lightfx
material,popup_button_selection_bar
menu,resume_popmenu
menu,popmenu_overwrite_warning
menu,popmenu_autosave_warning
menu,popmenu_recommendation_so
menu,popmenu_recommendation_mp
material,black
menu,levels
menu,popmenu_act1
menu,popmenu_act2
menu,popmenu_act3
image,bg_blur_back
material,animbg_blur_back
image,bg_blur_fogscroll
material,animbg_blur_fogscroll
image,bg_blur_front
material,animbg_blur_front
image,button_highlight_end
material,button_highlight_end
menu,levels_game
menu,levels_game_coop
material,difficulty_star
menu,levels_challenge
menu,popmenu_specops_alpha
menu,popmenu_specops_beta
menu,popmenu_specops_charlie
menu,popmenu_specops_delta
menu,popmenu_specops_echo
image,mw2_popup_selection_bar_mirrored
material,popup_button_selection_bar_flipped
menu,popmenu_difficulty
menu,popmenu_specialops_difficulty
menu,popmenu_specialops_splitscreen_skip_difficulty
menu,popmenu_specialops_online_difficulty
menu,popmenu_specialops_splitscreen_difficulty_p1
menu,popmenu_specialops_splitscreen_difficulty_p2
menu,ingame_difficulty
material,gradient
menu,stats
material,difficulty_star_empty
image,mouse_keyboard
material,pc_keyboard_mouse
menu,coop_lobby
menu,leave_lobby_warning
menu,menu_online_ended
menu,main_controls
menu,main_options
image,mw2pc_setting_selection_bar
material,menu_setting_selection_bar
menu,pc_options_video
menu,pc_options_advanced_video
menu,apply_picmip_popmenu
menu,pc_options_audio
menu,pc_options_controls
menu,pc_options_voice
menu,pc_options_movement
menu,pc_options_actions
menu,pc_options_look
menu,options_graphics
menu,options_graphics_texture
menu,options_control_defaults
menu,options_graphics_defaults
menu,brightness_adjust
menu,player_profile
menu,profile_create_popmenu
menu,profile_must_create_popmenu
menu,profile_del_sure_popmenu
menu,profile_exists_popmenu
menu,profile_create_fail_popmenu
menu,profile_create_too_many_popmenu
menu,profile_delete_fail_popmenu
menu,briefing
menu,connect
menu,quit_popmenu
menu,all_restart_popmenu
menu,vid_restart_popmenu
menu,sp_vid_restart_popmenu_listen
menu,mp_vid_restart_popmenu_listen
menu,vid_restart_popmenu_dead
menu,language_restart_popmenu
menu,snd_restart_popmenu
menu,popmenu_multi_only
menu,so_unlock_requirement
menu,so_locked_for_friend
menu,so_character_select_coop
menu,so_character_select_splitscreen
menu,only_host_can_choose
menu,offensive_warning
menu,offensive_warning_2
menu,save_load_menu
menu,load_sure_popmenu
menu,save_del_sure_popmenu
menu,save_overwrite_popmenu
menu,save_name_popmenu
menulist,ui/menus.txt
menu,menu_tickertest
menulist,ui/test_menus.txt
image,so_showers_gulag
material,levelshot_so_showers_gulag
image,so_killspree_invasion
material,levelshot_so_killspree_invasion
image,so_assault_oilrig
material,levelshot_so_assault_oilrig
image,so_killspree_trainer
material,levelshot_so_killspree_trainer
image,so_defense_invasion
material,levelshot_so_defense_invasion
image,so_killspree_favela
material,levelshot_so_killspree_favela
image,so_demo_so_bridge
material,levelshot_so_demo_so_bridge
image,so_crossing_so_bridge
material,levelshot_so_crossing_so_bridge
image,so_hidden_so_ghillies
material,levelshot_so_hidden_so_ghillies
image,so_ac130_co_hunted
material,levelshot_so_ac130_co_hunted
image,so_escape_airport
material,levelshot_so_escape_airport
image,so_forest_contingency
material,levelshot_so_forest_contingency
image,so_sabotage_cliffhanger
material,levelshot_so_sabotage_cliffhanger
image,so_snowrace1_cliffhanger
material,levelshot_so_snowrace1_cliffhanger
image,so_snowrace2_cliffhanger
material,levelshot_so_snowrace2_cliffhanger
image,so_defuse_favela_escape
material,levelshot_so_defuse_favela_escape
image,so_download_arcadia
material,levelshot_so_download_arcadia
image,so_takeover_estate
material,levelshot_so_takeover_estate
image,so_takeover_oilrig
material,levelshot_so_takeover_oilrig
image,so_intel_boneyard
material,levelshot_so_intel_boneyard
image,so_juggernauts_favela
material,levelshot_so_juggernauts_favela
image,so_rooftop_contingency
material,levelshot_so_rooftop_contingency
image,so_chopper_invasion
material,levelshot_so_chopper_invasion
image,so_alpha
material,levelshot_so_alpha
image,so_bravo
material,levelshot_so_bravo
image,so_charlie
material,levelshot_so_charlie
image,so_delta
material,levelshot_so_delta
image,so_echo
material,levelshot_so_echo
image,mw2_af_caves
material,levelshot_mw2_af_caves
image,mw2_af_chase
material,levelshot_mw2_af_chase
image,mw2_airport
material,levelshot_mw2_airport
image,mw2_arcadia
material,levelshot_mw2_arcadia
image,mw2_boneyard
material,levelshot_mw2_boneyard
image,mw2_cliffhanger
material,levelshot_mw2_cliffhanger
image,mw2_contingency
material,levelshot_mw2_contingency
image,mw2_dcburning
material,levelshot_mw2_dcburning
image,mw2_dcemp
material,levelshot_mw2_dcemp
image,mw2_dc_whitehouse
material,levelshot_mw2_dc_whitehouse
image,mw2_estate
material,levelshot_mw2_estate
image,mw2_favela
material,levelshot_mw2_favela
image,mw2_favela_escape
material,levelshot_mw2_favela_escape
image,mw2_gulag
material,levelshot_mw2_gulag
image,mw2_invasion
material,levelshot_mw2_invasion
image,mw2_oilrig
material,levelshot_mw2_oilrig
image,mw2_roadkill
material,levelshot_mw2_roadkill
image,mw2_trainer
material,levelshot_mw2_trainer
image,mw2_museum
material,levelshot_mw2_museum
image,menu_soldier_band_blur
material,mw2_main_soldier_band_blur
image,specialty_locked
material,specialty_locked
image,specialty_new
material,specialty_new
image,pmc_contract_locked
material,pmc_contract_locked
image,pmc_contract_01
material,pmc_contract_01
image,pmc_contract_02
material,pmc_contract_02
image,pmc_contract_03
material,pmc_contract_03
image,pmc_contract_04
material,pmc_contract_04
image,pmc_contract_05
material,pmc_contract_05
image,pmc_contract_06
material,pmc_contract_06
image,pmc_contract_07
material,pmc_contract_07
image,difficulty_kitten
material,difficulty_kitten
image,difficulty_star_grey
material,difficulty_star_gray
image,difficulty_star_hi_res
material,difficulty_star_hi_res
image,difficulty_star_grey_hi_res
material,difficulty_star_gray_hi_res
image,difficulty_star_grey_empty_hi_res
material,difficulty_star_empty_hi_res
image,difficulty_skull
material,difficulty_skull
rawfile,ui
